pollutant,est,std_err
SO2,0.13818519,0.03465057
NO2,0.32012064,0.04984866
CO,0.0842821,0.0247576
O3,0.56536813,0.02219086
